frame_idx,vehicle_count,density_veh_per_100m,congestion_severity,avg_confidence,queue_estimate
1,1,1.0,none,0.953,1
2,1,1.0,none,0.962,1
3,1,1.0,none,0.937,1
4,1,1.0,none,0.965,1
5,1,1.0,none,0.963,1
6,1,1.0,none,0.976,1
7,1,1.0,none,0.973,1
8,1,1.0,none,0.972,1
9,1,1.0,none,0.972,1
10,1,1.0,none,0.971,1
11,1,1.0,none,0.95,1
12,1,1.0,none,0.968,1
13,1,1.0,none,0.953,1
14,1,1.0,none,0.97,1
15,1,1.0,none,0.965,1
16,1,1.0,none,0.962,1
17,1,1.0,none,0.958,1
18,1,1.0,none,0.963,1
19,1,1.0,none,0.933,1
20,1,1.0,none,0.961,1
21,1,1.0,none,0.958,1
22,1,1.0,none,0.973,1
23,1,1.0,none,0.969,1
24,1,1.0,none,0.969,1
25,1,1.0,none,0.965,1
26,1,1.0,none,0.969,1
27,1,1.0,none,0.947,1
28,1,1.0,none,0.968,1
29,1,1.0,none,0.961,1
30,1,1.0,none,0.973,1
31,1,1.0,none,0.969,1
32,1,1.0,none,0.967,1
33,2,2.0,none,0.864,2
34,2,2.0,none,0.874,2
35,2,2.0,none,0.817,2
36,2,2.0,none,0.815,2
37,2,2.0,none,0.894,2
38,2,2.0,none,0.911,2
39,2,2.0,none,0.902,2
40,2,2.0,none,0.879,2
41,2,2.0,none,0.884,2
42,2,2.0,none,0.887,2
43,2,2.0,none,0.845,2
44,2,2.0,none,0.831,2
45,2,2.0,none,0.901,2
46,2,2.0,none,0.911,2
47,2,2.0,none,0.898,2
48,2,2.0,none,0.858,2
49,2,2.0,none,0.858,2
50,2,2.0,none,0.851,2
51,2,2.0,none,0.805,2
52,2,2.0,none,0.782,2
53,2,2.0,none,0.877,2
54,2,2.0,none,0.899,2
55,2,2.0,none,0.898,2
56,2,2.0,none,0.882,2
57,2,2.0,none,0.898,2
58,2,2.0,none,0.896,2
59,2,2.0,none,0.847,2
60,2,2.0,none,0.827,2
61,2,2.0,none,0.884,2
62,2,2.0,none,0.902,2
63,2,2.0,none,0.899,2
64,2,2.0,none,0.875,2
65,2,2.0,none,0.875,2
66,2,2.0,none,0.875,2
67,2,2.0,none,0.837,2
68,2,2.0,none,0.805,2
69,2,2.0,none,0.845,2
70,2,2.0,none,0.849,2
71,2,2.0,none,0.837,2
72,2,2.0,none,0.819,2
73,2,2.0,none,0.847,2
74,2,2.0,none,0.851,2
75,2,2.0,none,0.813,2
76,2,2.0,none,0.833,2
77,2,2.0,none,0.909,2
78,2,2.0,none,0.913,2
79,2,2.0,none,0.907,2
80,2,2.0,none,0.863,2
81,2,2.0,none,0.881,2
82,2,2.0,none,0.883,2
83,2,2.0,none,0.841,2
84,2,2.0,none,0.812,2
85,2,2.0,none,0.892,2
86,2,2.0,none,0.907,2
87,2,2.0,none,0.906,2
88,2,2.0,none,0.887,2
89,2,2.0,none,0.901,2
90,2,2.0,none,0.897,2
91,2,2.0,none,0.849,2
92,2,2.0,none,0.828,2
93,3,3.0,none,0.909,3
94,3,3.0,none,0.928,3
95,3,3.0,none,0.92,3
96,3,3.0,none,0.919,3
97,3,3.0,none,0.915,3
98,3,3.0,none,0.914,3
99,3,3.0,none,0.887,3
100,3,3.0,none,0.881,3
101,3,3.0,none,0.906,3
102,3,3.0,none,0.918,3
103,3,3.0,none,0.904,3
104,3,3.0,none,0.898,3
105,3,3.0,none,0.898,3
106,3,3.0,none,0.905,3
107,3,3.0,none,0.871,3
108,3,3.0,none,0.864,3
109,3,3.0,none,0.904,3
110,3,3.0,none,0.922,3
111,3,3.0,none,0.907,3
112,3,3.0,none,0.891,3
113,3,3.0,none,0.884,3
114,3,3.0,none,0.891,3
115,3,3.0,none,0.854,3
116,3,3.0,none,0.848,3
117,3,3.0,none,0.893,3
118,3,3.0,none,0.91,3
119,3,3.0,none,0.896,3
120,3,3.0,none,0.882,3
121,3,3.0,none,0.894,3
122,3,3.0,none,0.897,3
123,3,3.0,none,0.858,3
124,3,3.0,none,0.86,3
125,3,3.0,none,0.908,3
126,3,3.0,none,0.919,3
127,3,3.0,none,0.905,3
128,3,3.0,none,0.888,3
129,3,3.0,none,0.885,3
130,3,3.0,none,0.885,3
131,3,3.0,none,0.847,3
132,3,3.0,none,0.87,3
133,3,3.0,none,0.915,3
134,3,3.0,none,0.93,3
135,3,3.0,none,0.924,3
136,3,3.0,none,0.917,3
137,3,3.0,none,0.918,3
138,3,3.0,none,0.921,3
139,3,3.0,none,0.908,3
140,3,3.0,none,0.893,3
141,3,3.0,none,0.918,3
142,3,3.0,none,0.926,3
143,3,3.0,none,0.916,3
144,3,3.0,none,0.889,3
145,3,3.0,none,0.907,3
146,3,3.0,none,0.909,3
147,3,3.0,none,0.896,3
148,3,3.0,none,0.88,3
149,3,3.0,none,0.838,3
150,3,3.0,none,0.836,3
151,2,2.0,none,0.915,2
152,2,2.0,none,0.936,2
153,4,4.0,none,0.87,4
154,4,4.0,none,0.883,4
155,4,4.0,none,0.875,4
156,4,4.0,none,0.84,4
157,4,4.0,none,0.886,4
158,4,4.0,none,0.892,4
159,4,4.0,none,0.865,4
160,4,4.0,none,0.825,4
161,4,4.0,none,0.874,4
162,4,4.0,none,0.885,4
163,4,4.0,none,0.874,4
164,4,4.0,none,0.849,4
165,4,4.0,none,0.862,4
166,4,4.0,none,0.863,4
167,4,4.0,none,0.833,4
168,4,4.0,none,0.791,4
169,4,4.0,none,0.855,4
170,4,4.0,none,0.863,4
171,4,4.0,none,0.851,4
172,4,4.0,none,0.831,4
173,4,4.0,none,0.848,4
174,4,4.0,none,0.865,4
175,4,4.0,none,0.833,4
176,4,4.0,none,0.803,4
177,4,4.0,none,0.88,4
178,4,4.0,none,0.885,4
179,4,4.0,none,0.879,4
180,4,4.0,none,0.849,4
181,4,4.0,none,0.88,4
182,4,4.0,none,0.887,4
183,4,4.0,none,0.855,4
184,4,4.0,none,0.824,4
185,4,4.0,none,0.875,4
186,4,4.0,none,0.889,4
187,4,4.0,none,0.886,4
188,4,4.0,none,0.863,4
189,4,4.0,none,0.881,4
190,4,4.0,none,0.882,4
191,4,4.0,none,0.839,4
192,4,4.0,none,0.808,4
193,4,4.0,none,0.871,4
194,4,4.0,none,0.89,4
195,4,4.0,none,0.889,4
196,4,4.0,none,0.884,4
197,4,4.0,none,0.89,4
198,4,4.0,none,0.897,4
199,4,4.0,none,0.87,4
200,4,4.0,none,0.832,4
201,4,4.0,none,0.875,4
202,4,4.0,none,0.888,4
203,4,4.0,none,0.885,4
204,4,4.0,none,0.859,4
205,4,4.0,none,0.872,4
206,4,4.0,none,0.873,4
207,4,4.0,none,0.846,4
208,4,4.0,none,0.802,4
209,4,4.0,none,0.844,4
210,4,4.0,none,0.855,4
211,3,3.0,none,0.81,3
212,3,3.0,none,0.783,3
213,6,6.0,low,0.826,6
214,6,6.0,low,0.83,6
215,6,6.0,low,0.793,6
216,6,6.0,low,0.791,6
217,6,6.0,low,0.843,6
218,6,6.0,low,0.856,6
219,6,6.0,low,0.861,6
220,6,6.0,low,0.83,6
221,6,6.0,low,0.831,6
222,6,6.0,low,0.83,6
223,6,6.0,low,0.804,6
224,6,6.0,low,0.78,6
225,6,6.0,low,0.828,6
226,6,6.0,low,0.848,6
227,6,6.0,low,0.849,6
228,6,6.0,low,0.817,6
229,6,6.0,low,0.828,6
230,6,6.0,low,0.828,6
231,6,6.0,low,0.798,6
232,6,6.0,low,0.774,6
233,6,6.0,low,0.824,6
234,6,6.0,low,0.844,6
235,6,6.0,low,0.848,6
236,6,6.0,low,0.822,6
237,6,6.0,low,0.834,6
238,6,6.0,low,0.836,6
239,6,6.0,low,0.809,6
240,6,6.0,low,0.786,6
241,6,6.0,low,0.83,6
242,6,6.0,low,0.848,6
243,6,6.0,low,0.844,6
244,6,6.0,low,0.817,6
245,6,6.0,low,0.823,6
246,6,6.0,low,0.826,6
247,6,6.0,low,0.802,6
248,6,6.0,low,0.777,6
249,6,6.0,low,0.817,6
250,6,6.0,low,0.827,6
251,6,6.0,low,0.815,6
252,6,6.0,low,0.781,6
253,6,6.0,low,0.817,6
254,6,6.0,low,0.824,6
255,6,6.0,low,0.796,6
256,6,6.0,low,0.78,6
257,6,6.0,low,0.849,6
258,6,6.0,low,0.856,6
259,6,6.0,low,0.862,6
260,6,6.0,low,0.825,6
261,6,6.0,low,0.831,6
262,6,6.0,low,0.828,6
263,6,6.0,low,0.802,6
264,6,6.0,low,0.776,6
265,6,6.0,low,0.836,6
266,6,6.0,low,0.849,6
267,6,6.0,low,0.862,6
268,6,6.0,low,0.842,6
269,6,6.0,low,0.819,6
270,6,6.0,low,0.803,6
271,4,4.0,none,0.834,4
272,4,4.0,none,0.796,4
273,5,5.0,none,0.885,5
274,5,5.0,none,0.905,5
275,5,5.0,none,0.904,5
276,5,5.0,none,0.894,5
277,5,5.0,none,0.903,5
278,5,5.0,none,0.905,5
279,5,5.0,none,0.876,5
280,5,5.0,none,0.849,5
281,5,5.0,none,0.882,5
282,5,5.0,none,0.894,5
283,5,5.0,none,0.891,5
284,5,5.0,none,0.874,5
285,5,5.0,none,0.885,5
286,5,5.0,none,0.892,5
287,5,5.0,none,0.862,5
288,5,5.0,none,0.827,5
289,5,5.0,none,0.871,5
290,5,5.0,none,0.88,5
291,5,5.0,none,0.875,5
292,5,5.0,none,0.861,5
293,5,5.0,none,0.868,5
294,5,5.0,none,0.879,5
295,5,5.0,none,0.853,5
296,5,5.0,none,0.844,5
297,5,5.0,none,0.886,5
298,5,5.0,none,0.892,5
299,5,5.0,none,0.888,5
300,5,5.0,none,0.862,5
